<?xml version="1.0" encoding="UTF-8"?>
<!DOCTYPE suite SYSTEM "https://testng.org/testng-1.0.dtd">
<suite thread-count="2" name="Suite" parallel="tests" verbose="5">

<parameter name="url" value="http://leaftaps.com/opentaps/control/main"></parameter>
<parameter name="password" value="crmsfa"></parameter>

  <test thread-count="5" name="browserEdge">
  <parameter name="browser" value="edge"></parameter>
  <parameter name="username" value="demosalesmanager"></parameter>
    <classes>
      <class name="testcase.CreateLead"/>
      
    </classes>
  </test> <!-- Test -->
  
    <test thread-count="5" name="browserFirefox">
    <parameter name="browser" value="safari"></parameter>
     <parameter name="username" value="democsr"></parameter>
    <classes>
      
      <class name="testcase.EditLead"/>
    </classes>
  </test> <!-- Test -->

  
</suite> <!-- Suite -->
